id,full_name,email,phone,business_name,project_name,department,project_description,message,file_attachement,created_at,updated_at
1,Ethe Chessill,echessill0@amazonaws.com,476-304-0322,"Daniel, Hoeger and Watsica",Papa Yankee,Residential Projects,recontextualize B2B web-readiness,"Nullam porttitor lacus at turpis. Donec posuere metus vitae ipsum. Aliquam non mauris. Morbi non lectus. Aliquam sit amet diam in magna bibendum imperdiet. Nullam orci pede, venenatis non, sodales sed, tincidunt eu, felis. Fusce posuere felis sed lacus.",vitae.doc,2016-12-11 09:42:07,2018-11-06 22:20:22
2,Connor Huddleston,chuddleston1@google.pl,897-983-7790,"Frami, Lueilwitz and Fisher",Delta,Corporate Projects,productize out-of-the-box partnerships,Suspendisse accumsan tortor quis turpis. Sed ante. Vivamus tortor. Duis mattis egestas metus. Aenean fermentum. Donec ut mauris eget massa tempor convallis.,tristique.doc,2016-08-28 10:14:50,2018-12-26 04:04:16
3,Kane Cakes,kcakes2@howstuffworks.com,162-421-0247,Daugherty Group,Hotel Quebec,Others,engage leading-edge e-services,"Phasellus in felis. Donec semper sapien a libero. Nam dui. Proin leo odio, porttitor id, consequat in, consequat ut, nulla. Sed accumsan felis.",vel.ppt,2017-05-26 18:35:20,2018-09-12 10:32:50
4,Marsiella Gilhooly,mgilhooly3@cloudflare.com,562-157-6815,Jacobs and Sons,Uniform Yankee,Residential Projects,cultivate e-business platforms,"Aenean auctor gravida sem. Praesent id massa id nisl venenatis lacinia. Aenean sit amet justo. Morbi ut odio. Cras mi pede, malesuada in, imperdiet et, commodo vulputate, justo. In blandit ultrices enim.",non.xls,2017-05-12 23:18:19,2018-01-19 09:36:44
5,Teresa Atkin,tatkin4@epa.gov,862-750-2674,"Hoppe, Schinner and MacGyver",Lima X-ray,Corporate Projects,innovate innovative experiences,"Cras non velit nec nisi vulputate nonummy. Maecenas tincidunt lacus at velit. Vivamus vel nulla eget eros elementum pellentesque. Quisque porta volutpat erat. Quisque erat eros, viverra eget, congue eget, semper rutrum, nulla. Nunc purus.",pede posuere.ppt,2017-02-12 11:38:46,2018-01-08 07:15:49
6,Karla Gookey,kgookey5@redcross.org,862-733-3835,Ward-Franecki,Kilo,Others,recontextualize 24/365 eyeballs,"Aliquam augue quam, sollicitudin vitae, consectetuer eget, rutrum at, lorem. Integer tincidunt ante vel ipsum. Praesent blandit lacinia erat.",lacinia nisi.doc,2016-12-21 06:43:59,2018-12-22 20:22:38
7,Iolande Garvin,igarvin6@plala.or.jp,244-400-6804,"Durgan, Carter and Bayer",X-ray,Residential Projects,envisioneer revolutionary e-services,"Aliquam sit amet diam in magna bibendum imperdiet. Nullam orci pede, venenatis non, sodales sed, tincidunt eu, felis. Fusce posuere felis sed lacus. Morbi sem mauris, laoreet ut, rhoncus aliquet, pulvinar sed, nisl.",sit amet justo.xls,2016-04-04 00:01:53,2018-12-30 12:49:08
8,Janene Rossborough,jrossborough7@senate.gov,293-815-4207,Runolfsson Inc,Echo,Corporate Projects,maximize visionary applications,"Vivamus vel nulla eget eros elementum pellentesque. Quisque porta volutpat erat. Quisque erat eros, viverra eget, congue eget, semper rutrum, nulla. Nunc purus. Phasellus in felis. Donec semper sapien a libero. Nam dui.",vivamus vel.doc,2016-04-16 04:29:53,2018-02-02 04:43:13
9,Doralin Hakes,dhakes8@comsenz.com,299-994-0538,Pacocha-Dare,Sierra Alfa,Others,incentivize 24/365 action-items,"In hac habitasse platea dictumst. Morbi vestibulum, velit id pretium iaculis, diam erat fermentum justo, nec condimentum neque sapien placerat ante. Nulla justo. Aliquam quis turpis eget elit sodales scelerisque. Mauris sit amet eros.",amet sapien dignissim.xls,2016-06-12 15:10:04,2017-07-20 12:25:05
10,Zelma Wilcox,zwilcox9@homestead.com,711-384-9744,"Herman, Zboncak and Ward",Golf,Residential Projects,e-enable strategic e-markets,"Phasellus sit amet erat. Nulla tempus. Vivamus in felis eu sapien cursus vestibulum. Proin eu mi. Nulla ac enim. In tempor, turpis nec euismod scelerisque, quam turpis adipiscing lorem, vitae mattis nibh ligula nec sem. Duis aliquam convallis nunc.",morbi porttitor lorem.ppt,2016-06-01 21:10:21,2018-08-01 01:11:01
11,Marta Sarfas,msarfasa@rediff.com,170-299-8507,Dickens-Howe,Tango Quebec,Corporate Projects,engage killer channels,Maecenas ut massa quis augue luctus tincidunt. Nulla mollis molestie lorem. Quisque ut erat. Curabitur gravida nisi at nibh.,ligula.xls,2016-09-10 06:53:23,2018-09-16 19:13:39
12,Siusan Bernardes,sbernardesb@delicious.com,233-223-6631,Krajcik-Stamm,November Charlie,Others,exploit cross-platform paradigms,"Donec odio justo, sollicitudin ut, suscipit a, feugiat et, eros. Vestibulum ac est lacinia nisi venenatis tristique. Fusce congue, diam id ornare imperdiet, sapien urna pretium nisl, ut volutpat sapien arcu sed augue. Aliquam erat volutpat. In congue. Etiam justo. Etiam pretium iaculis justo.",vel enim sit.ppt,2016-11-01 13:16:39,2018-03-22 09:32:02
13,Constantia Falshaw,cfalshawc@unicef.org,575-155-2495,Crona-Zemlak,India,Residential Projects,expedite holistic niches,"Aenean auctor gravida sem. Praesent id massa id nisl venenatis lacinia. Aenean sit amet justo. Morbi ut odio. Cras mi pede, malesuada in, imperdiet et, commodo vulputate, justo.",nec nisi.ppt,2017-01-06 14:14:58,2017-09-06 22:38:56
14,Tedra Coping,tcopingd@webeden.co.uk,566-693-5515,"Schneider, Mann and Murazik",Sierra Charlie,Corporate Projects,evolve robust relationships,"Vivamus tortor. Duis mattis egestas metus. Aenean fermentum. Donec ut mauris eget massa tempor convallis. Nulla neque libero, convallis eget, eleifend luctus, ultricies eu, nibh. Quisque id justo sit amet sapien dignissim vestibulum.",a nibh in.doc,2016-08-22 07:36:10,2019-01-24 00:21:05
15,Edie Chinery,echinerye@icq.com,381-221-6816,Fisher-Haley,Zulu Kilo,Others,leverage scalable web-readiness,"Nulla neque libero, convallis eget, eleifend luctus, ultricies eu, nibh. Quisque id justo sit amet sapien dignissim vestibulum. Vestibulum ante ipsum primis in faucibus orci luctus et ultrices posuere cubilia Curae; Nulla dapibus dolor vel est.",nulla suscipit ligula.ppt,2016-12-05 08:49:55,2018-01-01 18:17:24
16,Fleurette Archbold,farchboldf@archive.org,316-527-6365,Morar-Leannon,Bravo Charlie,Residential Projects,integrate bricks-and-clicks mindshare,"Suspendisse potenti. Cras in purus eu magna vulputate luctus. Cum sociis natoque penatibus et magnis dis parturient montes, nascetur ridiculus mus. Vivamus vestibulum sagittis sapien. Cum sociis natoque penatibus et magnis dis parturient montes, nascetur ridiculus mus. Etiam vel augue. Vestibulum rutrum rutrum neque.",platea.xls,2017-01-03 06:36:17,2017-10-02 04:27:03
17,Justinian Boast,jboastg@spiegel.de,212-858-0435,Rice Group,Yankee X-ray,Corporate Projects,visualize viral schemas,"In est risus, auctor sed, tristique in, tempus sit amet, sem. Fusce consequat. Nulla nisl. Nunc nisl. Duis bibendum, felis sed interdum venenatis, turpis enim blandit mi, in porttitor pede justo eu massa. Donec dapibus. Duis at velit eu est congue elementum.",vulputate.xls,2017-02-10 22:06:06,2017-07-02 06:31:55
18,Elianore Wedmore,ewedmoreh@miibeian.gov.cn,672-899-5981,"Auer, Johnson and Walter",Alfa,Others,leverage synergistic experiences,"Vivamus metus arcu, adipiscing molestie, hendrerit at, vulputate vitae, nisl. Aenean lectus. Pellentesque eget nunc. Donec quis orci eget orci vehicula condimentum.",aliquam lacus morbi.pdf,2016-06-07 04:49:28,2018-12-14 01:55:43
19,Harman Dutteridge,hdutteridgei@netvibes.com,786-101-4466,Kuvalis Group,Oscar Hotel,Residential Projects,target value-added systems,"Donec ut mauris eget massa tempor convallis. Nulla neque libero, convallis eget, eleifend luctus, ultricies eu, nibh. Quisque id justo sit amet sapien dignissim vestibulum. Vestibulum ante ipsum primis in faucibus orci luctus et ultrices posuere cubilia Curae; Nulla dapibus dolor vel est. Donec odio justo, sollicitudin ut, suscipit a, feugiat et, eros. Vestibulum ac est lacinia nisi venenatis tristique.",natoque.ppt,2017-02-16 06:24:05,2019-01-08 05:22:26
20,Jacquelin Malham,jmalhamj@discuz.net,486-360-4342,Schmitt Group,Quebec,Corporate Projects,disintermediate next-generation markets,"Pellentesque ultrices mattis odio. Donec vitae nisi. Nam ultrices, libero non mattis pulvinar, nulla pede ullamcorper augue, a suscipit nulla elit ac nulla.",non sodales sed.xls,2016-09-27 07:43:46,2018-07-20 20:28:50
21,Merrill Weatherburn,mweatherburnk@smh.com.au,470-684-1241,Mraz-Altenwerth,Papa Mike,Others,envisioneer sexy systems,"In hac habitasse platea dictumst. Aliquam augue quam, sollicitudin vitae, consectetuer eget, rutrum at, lorem. Integer tincidunt ante vel ipsum. Praesent blandit lacinia erat.",dui vel sem.pdf,2017-02-26 21:58:17,2017-08-27 00:16:05
22,Brooke Gallaway,bgallawayl@abc.net.au,185-651-7565,Gusikowski-Collins,Whiskey,Residential Projects,monetize magnetic interfaces,"Integer ac leo. Pellentesque ultrices mattis odio. Donec vitae nisi. Nam ultrices, libero non mattis pulvinar, nulla pede ullamcorper augue, a suscipit nulla elit ac nulla.",dolor.ppt,2017-04-13 06:16:15,2017-11-16 22:47:58
23,Arlette Real,arealm@yelp.com,930-508-7851,"Hayes, Lindgren and Nicolas",Delta Quebec,Corporate Projects,streamline magnetic platforms,"Morbi porttitor lorem id ligula. Suspendisse ornare consequat lectus. In est risus, auctor sed, tristique in, tempus sit amet, sem. Fusce consequat. Nulla nisl.",rutrum.xls,2016-04-16 10:52:49,2018-01-29 17:49:56
24,Hortensia Francomb,hfrancombn@odnoklassniki.ru,399-992-4276,Hauck LLC,Victor Lima,Others,redefine rich e-services,"Praesent blandit. Nam nulla. Integer pede justo, lacinia eget, tincidunt eget, tempus vel, pede. Morbi porttitor lorem id ligula.",enim lorem ipsum.pdf,2016-09-18 15:38:10,2017-07-11 23:43:22
25,Jere Robertucci,jrobertuccio@wordpress.com,433-737-5567,D Amore LLC,Quebec Echo,Residential Projects,embrace distributed ROI,"Nulla ac enim. In tempor, turpis nec euismod scelerisque, quam turpis adipiscing lorem, vitae mattis nibh ligula nec sem. Duis aliquam convallis nunc. Proin at turpis a pede posuere nonummy. Integer non velit.",luctus.ppt,2017-02-25 15:34:20,2018-09-06 20:03:17
26,Ron Sherington,rsheringtonp@about.com,185-160-7947,"Upton, Cummings and Hamill",Delta Foxtrot,Corporate Projects,envisioneer world-class partnerships,In congue. Etiam justo. Etiam pretium iaculis justo. In hac habitasse platea dictumst.,vel ipsum praesent.ppt,2017-03-26 10:25:28,2017-11-09 06:47:56
27,Ewen Cristofanini,ecristofaniniq@senate.gov,959-884-5564,Daugherty-McLaughlin,Hotel,Others,exploit killer applications,"In quis justo. Maecenas rhoncus aliquam lacus. Morbi quis tortor id nulla ultrices aliquet. Maecenas leo odio, condimentum id, luctus nec, molestie sed, justo. Pellentesque viverra pede ac diam. Cras pellentesque volutpat dui.",nulla.xls,2016-03-18 16:41:49,2017-08-18 20:01:43
28,Frederick Kaasmann,fkaasmannr@paypal.com,641-733-1257,"Yundt, Murray and Keebler",Romeo,Residential Projects,repurpose next-generation e-tailers,"Fusce lacus purus, aliquet at, feugiat non, pretium quis, lectus. Suspendisse potenti. In eleifend quam a odio. In hac habitasse platea dictumst. Maecenas ut massa quis augue luctus tincidunt. Nulla mollis molestie lorem. Quisque ut erat.",justo lacinia eget.xls,2016-11-21 17:21:58,2018-09-08 07:55:59
29,Christa Deetch,cdeetchs@ovh.net,779-400-1830,Lockman-Mills,Lima Tango,Corporate Projects,productize magnetic platforms,"Aenean auctor gravida sem. Praesent id massa id nisl venenatis lacinia. Aenean sit amet justo. Morbi ut odio. Cras mi pede, malesuada in, imperdiet et, commodo vulputate, justo. In blandit ultrices enim.",enim in.xls,2016-04-02 10:14:12,2017-12-14 12:09:13
30,Benyamin Haysman,bhaysmant@google.nl,971-543-6517,Morissette-McGlynn,Romeo,Others,engage strategic deliverables,Nullam varius. Nulla facilisi. Cras non velit nec nisi vulputate nonummy. Maecenas tincidunt lacus at velit. Vivamus vel nulla eget eros elementum pellentesque. Quisque porta volutpat erat.,tortor.xls,2016-09-14 08:36:29,2018-05-27 09:45:23
31,Ario Shanklin,ashanklinu@home.pl,302-176-6907,"Heaney, Marvin and Renner",India Lima,Residential Projects,grow front-end schemas,"Proin eu mi. Nulla ac enim. In tempor, turpis nec euismod scelerisque, quam turpis adipiscing lorem, vitae mattis nibh ligula nec sem. Duis aliquam convallis nunc.",in blandit ultrices.doc,2016-05-08 22:49:37,2017-08-31 03:56:40
32,Fabio Pendlebery,fpendleberyv@dot.gov,766-808-3664,Greenfelder and Sons,Uniform,Corporate Projects,innovate e-business content,"Morbi non lectus. Aliquam sit amet diam in magna bibendum imperdiet. Nullam orci pede, venenatis non, sodales sed, tincidunt eu, felis. Fusce posuere felis sed lacus. Morbi sem mauris, laoreet ut, rhoncus aliquet, pulvinar sed, nisl.",diam.pdf,2016-10-08 18:45:47,2018-09-17 12:45:58
33,Marshall Rens,mrensw@addtoany.com,481-836-9297,Braun-Mante,Juliett Charlie,Others,streamline customized networks,"Morbi a ipsum. Integer a nibh. In quis justo. Maecenas rhoncus aliquam lacus. Morbi quis tortor id nulla ultrices aliquet. Maecenas leo odio, condimentum id, luctus nec, molestie sed, justo.",id ligula suspendisse.xls,2016-07-02 03:34:22,2018-04-24 01:59:04
34,Alastair Jaqueme,ajaquemex@nytimes.com,795-460-1747,Sauer-Gerlach,Tango,Residential Projects,engineer user-centric applications,"Suspendisse potenti. Cras in purus eu magna vulputate luctus. Cum sociis natoque penatibus et magnis dis parturient montes, nascetur ridiculus mus.",in tempus.xls,2017-02-01 18:52:56,2018-08-18 12:46:27
35,Cloe Tassel,ctassely@odnoklassniki.ru,712-708-7856,Bergnaum-McKenzie,Golf,Corporate Projects,brand virtual e-services,"Pellentesque viverra pede ac diam. Cras pellentesque volutpat dui. Maecenas tristique, est et tempus semper, est quam pharetra magna, ac consequat metus sapien ut nunc.",vestibulum eget vulputate.ppt,2016-11-24 16:24:31,2017-12-15 06:52:51
36,Rudolf McClunaghan,rmcclunaghanz@psu.edu,820-352-6299,Oberbrunner-Schmeler,India Alfa,Others,empower holistic bandwidth,"Suspendisse potenti. Nullam porttitor lacus at turpis. Donec posuere metus vitae ipsum. Aliquam non mauris. Morbi non lectus. Aliquam sit amet diam in magna bibendum imperdiet. Nullam orci pede, venenatis non, sodales sed, tincidunt eu, felis.",duis bibendum felis.doc,2016-12-28 16:16:56,2018-08-14 14:02:48
37,Jennifer Cariss,jcariss10@webmd.com,954-656-6466,"Harvey, Cummings and Greenfelder",Uniform,Residential Projects,extend cross-media channels,"Morbi vel lectus in quam fringilla rhoncus. Mauris enim leo, rhoncus sed, vestibulum sit amet, cursus id, turpis. Integer aliquet, massa id lobortis convallis, tortor risus dapibus augue, vel accumsan tellus nisi eu orci. Mauris lacinia sapien quis libero. Nullam sit amet turpis elementum ligula vehicula consequat.",sagittis nam congue.xls,2017-02-23 22:31:40,2018-05-27 11:46:14
38,Devina Whitrod,dwhitrod11@cmu.edu,972-149-9182,Moen-Miller,Quebec,Corporate Projects,engage real-time niches,Praesent blandit lacinia erat. Vestibulum sed magna at nunc commodo placerat. Praesent blandit.,libero quis orci.pdf,2017-03-24 02:04:25,2018-05-20 12:51:27
39,Willie MacAirt,wmacairt12@nhs.uk,851-714-0488,"Cartwright, Medhurst and Mosciski",Golf X-ray,Others,redefine B2B e-markets,"Maecenas leo odio, condimentum id, luctus nec, molestie sed, justo. Pellentesque viverra pede ac diam. Cras pellentesque volutpat dui. Maecenas tristique, est et tempus semper, est quam pharetra magna, ac consequat metus sapien ut nunc. Vestibulum ante ipsum primis in faucibus orci luctus et ultrices posuere cubilia Curae; Mauris viverra diam vitae quam. Suspendisse potenti.",consectetuer adipiscing.pdf,2017-04-29 23:22:25,2017-08-15 15:03:00
40,Florinda Yushmanov,fyushmanov13@wix.com,101-361-6246,"O Conner, Jerde and Bechtelar",X-ray,Residential Projects,matrix interactive synergies,"Integer ac leo. Pellentesque ultrices mattis odio. Donec vitae nisi. Nam ultrices, libero non mattis pulvinar, nulla pede ullamcorper augue, a suscipit nulla elit ac nulla.",tortor duis.xls,2017-03-01 22:56:28,2017-12-30 06:55:02
41,Alida Meadley,ameadley14@cisco.com,453-227-3920,Kihn Inc,X-ray Uniform,Corporate Projects,envisioneer open-source eyeballs,"Vestibulum quam sapien, varius ut, blandit non, interdum in, ante. Vestibulum ante ipsum primis in faucibus orci luctus et ultrices posuere cubilia Curae; Duis faucibus accumsan odio. Curabitur convallis. Duis consequat dui nec nisi volutpat eleifend. Donec ut dolor. Morbi vel lectus in quam fringilla rhoncus. Mauris enim leo, rhoncus sed, vestibulum sit amet, cursus id, turpis.",faucibus.pdf,2017-02-07 16:30:52,2017-07-11 14:19:27
42,Bartlet Harcus,bharcus15@cafepress.com,652-938-8128,"Wiegand, Boyle and Connelly",Romeo Foxtrot,Others,recontextualize front-end initiatives,"Duis mattis egestas metus. Aenean fermentum. Donec ut mauris eget massa tempor convallis. Nulla neque libero, convallis eget, eleifend luctus, ultricies eu, nibh. Quisque id justo sit amet sapien dignissim vestibulum. Vestibulum ante ipsum primis in faucibus orci luctus et ultrices posuere cubilia Curae; Nulla dapibus dolor vel est. Donec odio justo, sollicitudin ut, suscipit a, feugiat et, eros.",porta volutpat quam.ppt,2016-05-03 03:23:33,2017-08-14 02:35:02
43,Nomi Shere,nshere16@yandex.ru,474-763-5358,"Bradtke, Hilll and Stracke",Bravo Romeo,Residential Projects,revolutionize distributed ROI,Suspendisse potenti. In eleifend quam a odio. In hac habitasse platea dictumst. Maecenas ut massa quis augue luctus tincidunt. Nulla mollis molestie lorem. Quisque ut erat. Curabitur gravida nisi at nibh.,convallis tortor risus.doc,2016-08-13 08:52:34,2018-07-17 18:36:15
44,Colly Gudgeon,cgudgeon17@yolasite.com,230-835-2663,"Lehner, Kuhic and Ryan",Alfa,Corporate Projects,facilitate real-time content,"Vestibulum ac est lacinia nisi venenatis tristique. Fusce congue, diam id ornare imperdiet, sapien urna pretium nisl, ut volutpat sapien arcu sed augue. Aliquam erat volutpat. In congue.",eros elementum pellentesque.xls,2017-01-23 21:23:59,2017-06-16 04:24:38
45,George Spafford,gspafford18@wikimedia.org,628-606-1779,Cronin-Zboncak,Delta Quebec,Others,harness efficient solutions,"Maecenas rhoncus aliquam lacus. Morbi quis tortor id nulla ultrices aliquet. Maecenas leo odio, condimentum id, luctus nec, molestie sed, justo. Pellentesque viverra pede ac diam. Cras pellentesque volutpat dui. Maecenas tristique, est et tempus semper, est quam pharetra magna, ac consequat metus sapien ut nunc. Vestibulum ante ipsum primis in faucibus orci luctus et ultrices posuere cubilia Curae; Mauris viverra diam vitae quam.",velit nec.pdf,2017-01-12 00:01:34,2017-10-14 14:22:56
46,Robbi MacDunleavy,rmacdunleavy19@go.com,273-757-5225,Spinka-Satterfield,Juliett India,Residential Projects,productize impactful systems,"Morbi porttitor lorem id ligula. Suspendisse ornare consequat lectus. In est risus, auctor sed, tristique in, tempus sit amet, sem. Fusce consequat. Nulla nisl. Nunc nisl. Duis bibendum, felis sed interdum venenatis, turpis enim blandit mi, in porttitor pede justo eu massa.",pretium iaculis.ppt,2017-01-03 04:57:57,2017-11-20 11:25:50
47,Brita Immings,bimmings1a@ihg.com,613-752-7330,Keeling-Willms,Uniform Bravo,Corporate Projects,implement leading-edge e-commerce,"Duis at velit eu est congue elementum. In hac habitasse platea dictumst. Morbi vestibulum, velit id pretium iaculis, diam erat fermentum justo, nec condimentum neque sapien placerat ante.",lacus morbi.xls,2016-05-23 08:34:22,2019-01-21 00:20:19
48,Benedetta Wilsher,bwilsher1b@wordpress.org,188-983-5150,"Dickinson, Hilll and Yundt",Victor Hotel,Others,whiteboard robust deliverables,Nulla facilisi. Cras non velit nec nisi vulputate nonummy. Maecenas tincidunt lacus at velit.,porttitor id.ppt,2017-05-08 09:43:00,2017-10-23 02:00:34
49,Yevette Bohlsen,ybohlsen1c@paypal.com,613-723-8491,Torp-Schuster,Kilo,Residential Projects,cultivate rich e-tailers,"In sagittis dui vel nisl. Duis ac nibh. Fusce lacus purus, aliquet at, feugiat non, pretium quis, lectus. Suspendisse potenti. In eleifend quam a odio.",nulla suspendisse potenti.xls,2017-05-04 15:30:13,2017-10-13 06:56:56
50,Leonanie Hought,lhought1d@google.co.uk,973-123-0958,Runolfsdottir-Kihn,Tango Golf,Corporate Projects,revolutionize scalable experiences,"In quis justo. Maecenas rhoncus aliquam lacus. Morbi quis tortor id nulla ultrices aliquet. Maecenas leo odio, condimentum id, luctus nec, molestie sed, justo. Pellentesque viverra pede ac diam. Cras pellentesque volutpat dui. Maecenas tristique, est et tempus semper, est quam pharetra magna, ac consequat metus sapien ut nunc.",amet.xls,2016-11-03 20:20:28,2018-07-31 22:33:18
51,Ynes Stoltz,ystoltz1e@rakuten.co.jp,693-119-7494,"Considine, Miller and Aufderhar",Charlie,Others,engineer B2C technologies,Nullam porttitor lacus at turpis. Donec posuere metus vitae ipsum. Aliquam non mauris. Morbi non lectus. Aliquam sit amet diam in magna bibendum imperdiet.,rutrum neque.xls,2017-05-15 22:26:53,2018-07-10 06:41:26
52,Tully Clemencon,tclemencon1f@bandcamp.com,469-694-2292,Rowe Inc,Victor Quebec,Residential Projects,harness transparent paradigms,"Aenean fermentum. Donec ut mauris eget massa tempor convallis. Nulla neque libero, convallis eget, eleifend luctus, ultricies eu, nibh. Quisque id justo sit amet sapien dignissim vestibulum. Vestibulum ante ipsum primis in faucibus orci luctus et ultrices posuere cubilia Curae; Nulla dapibus dolor vel est. Donec odio justo, sollicitudin ut, suscipit a, feugiat et, eros. Vestibulum ac est lacinia nisi venenatis tristique.",at nunc commodo.xls,2017-03-01 21:28:58,2018-03-01 16:27:11
53,Noam Towndrow,ntowndrow1g@1und1.de,110-750-0992,"Brekke, Bosco and Douglas",Quebec,Corporate Projects,revolutionize robust paradigms,"Duis bibendum, felis sed interdum venenatis, turpis enim blandit mi, in porttitor pede justo eu massa. Donec dapibus. Duis at velit eu est congue elementum. In hac habitasse platea dictumst. Morbi vestibulum, velit id pretium iaculis, diam erat fermentum justo, nec condimentum neque sapien placerat ante. Nulla justo.",rhoncus aliquet pulvinar.doc,2017-06-09 18:40:34,2018-06-02 02:20:25
54,Isador Connock,iconnock1h@privacy.gov.au,513-895-6856,"Koepp, Powlowski and Abbott",Delta Papa,Others,architect virtual e-markets,"Duis consequat dui nec nisi volutpat eleifend. Donec ut dolor. Morbi vel lectus in quam fringilla rhoncus. Mauris enim leo, rhoncus sed, vestibulum sit amet, cursus id, turpis.",tortor quis turpis.xls,2017-02-03 09:18:34,2019-02-01 10:33:32
55,Ada Stooders,astooders1i@com.com,830-331-9814,McGlynn-Ortiz,Echo Juliett,Residential Projects,reintermediate killer interfaces,"Donec odio justo, sollicitudin ut, suscipit a, feugiat et, eros. Vestibulum ac est lacinia nisi venenatis tristique. Fusce congue, diam id ornare imperdiet, sapien urna pretium nisl, ut volutpat sapien arcu sed augue.",purus.xls,2016-04-19 09:27:47,2018-08-10 00:21:35
56,Thor Uccello,tuccello1j@shop-pro.jp,436-229-2547,Connelly-Konopelski,Whiskey Uniform,Corporate Projects,expedite 24/365 users,"Ut at dolor quis odio consequat varius. Integer ac leo. Pellentesque ultrices mattis odio. Donec vitae nisi. Nam ultrices, libero non mattis pulvinar, nulla pede ullamcorper augue, a suscipit nulla elit ac nulla.",ut massa volutpat.xls,2016-05-07 10:12:20,2018-05-18 02:33:29
57,Zacharias Fanner,zfanner1k@clickbank.net,454-415-8521,Swift Group,Yankee Bravo,Others,generate end-to-end technologies,"Sed ante. Vivamus tortor. Duis mattis egestas metus. Aenean fermentum. Donec ut mauris eget massa tempor convallis. Nulla neque libero, convallis eget, eleifend luctus, ultricies eu, nibh. Quisque id justo sit amet sapien dignissim vestibulum.",congue diam id.xls,2016-06-05 00:15:21,2017-11-06 12:29:13
58,Anjela Kryska,akryska1l@google.pl,438-893-6746,Shanahan Group,Bravo,Residential Projects,whiteboard plug-and-play ROI,In congue. Etiam justo. Etiam pretium iaculis justo. In hac habitasse platea dictumst. Etiam faucibus cursus urna. Ut tellus. Nulla ut erat id mauris vulputate elementum.,donec quis orci.ppt,2017-03-30 14:09:55,2019-02-05 20:56:28
59,Aurora Bumfrey,abumfrey1m@craigslist.org,237-348-3855,"Runolfsson, Mraz and Hickle",Papa,Corporate Projects,leverage holistic mindshare,"Pellentesque ultrices mattis odio. Donec vitae nisi. Nam ultrices, libero non mattis pulvinar, nulla pede ullamcorper augue, a suscipit nulla elit ac nulla. Sed vel enim sit amet nunc viverra dapibus. Nulla suscipit ligula in lacus.",accumsan.xls,2016-06-19 21:42:18,2017-08-08 10:06:00
60,Cindelyn Pairpoint,cpairpoint1n@nationalgeographic.com,346-643-6121,White-Ruecker,Alfa Romeo,Others,strategize killer channels,"Donec dapibus. Duis at velit eu est congue elementum. In hac habitasse platea dictumst. Morbi vestibulum, velit id pretium iaculis, diam erat fermentum justo, nec condimentum neque sapien placerat ante. Nulla justo. Aliquam quis turpis eget elit sodales scelerisque.",sapien.xls,2017-02-14 20:05:41,2018-11-14 06:51:47
61,Jessa Millen,jmillen1o@tinypic.com,374-125-7791,"Romaguera, Pacocha and Doyle",Lima,Residential Projects,optimize virtual paradigms,"Cum sociis natoque penatibus et magnis dis parturient montes, nascetur ridiculus mus. Vivamus vestibulum sagittis sapien. Cum sociis natoque penatibus et magnis dis parturient montes, nascetur ridiculus mus. Etiam vel augue. Vestibulum rutrum rutrum neque. Aenean auctor gravida sem. Praesent id massa id nisl venenatis lacinia.",ante vestibulum ante.xls,2017-01-11 19:22:53,2017-09-07 18:55:27
62,Boothe Shepeard,bshepeard1p@sohu.com,604-450-4260,Satterfield Group,Quebec India,Corporate Projects,drive e-business e-business,"Cras non velit nec nisi vulputate nonummy. Maecenas tincidunt lacus at velit. Vivamus vel nulla eget eros elementum pellentesque. Quisque porta volutpat erat. Quisque erat eros, viverra eget, congue eget, semper rutrum, nulla. Nunc purus. Phasellus in felis.",nulla neque.xls,2017-05-04 00:39:56,2017-10-06 12:04:44
63,Dania Gwillym,dgwillym1q@google.cn,200-418-8153,Schneider-Kulas,Zulu Whiskey,Others,integrate proactive e-business,"Donec diam neque, vestibulum eget, vulputate ut, ultrices vel, augue. Vestibulum ante ipsum primis in faucibus orci luctus et ultrices posuere cubilia Curae; Donec pharetra, magna vestibulum aliquet ultrices, erat tortor sollicitudin mi, sit amet lobortis sapien sapien non mi. Integer ac neque. Duis bibendum.",at.ppt,2017-02-01 04:14:10,2018-02-28 19:01:50
64,Gerda Sanday,gsanday1r@slate.com,611-689-0800,Robel-Bayer,Bravo,Residential Projects,facilitate enterprise architectures,"Fusce lacus purus, aliquet at, feugiat non, pretium quis, lectus. Suspendisse potenti. In eleifend quam a odio.",mauris.xls,2016-12-06 13:48:23,2017-07-11 13:01:11
65,Benji Bullivent,bbullivent1s@state.tx.us,598-313-6936,Feest Inc,Bravo,Corporate Projects,enhance innovative ROI,"Donec vitae nisi. Nam ultrices, libero non mattis pulvinar, nulla pede ullamcorper augue, a suscipit nulla elit ac nulla. Sed vel enim sit amet nunc viverra dapibus. Nulla suscipit ligula in lacus.",primis in faucibus.ppt,2016-12-07 12:26:43,2017-07-26 11:24:59
66,Antonina Wakley,awakley1t@sina.com.cn,849-510-0635,"Hirthe, Howe and Kutch",Romeo,Others,synergize bleeding-edge communities,"Quisque id justo sit amet sapien dignissim vestibulum. Vestibulum ante ipsum primis in faucibus orci luctus et ultrices posuere cubilia Curae; Nulla dapibus dolor vel est. Donec odio justo, sollicitudin ut, suscipit a, feugiat et, eros.",sapien non.xls,2017-03-06 13:37:16,2019-01-20 15:53:41
67,Cord Marsay,cmarsay1u@google.com,434-159-8232,Nikolaus-Langworth,India Juliett,Residential Projects,benchmark enterprise e-commerce,"In sagittis dui vel nisl. Duis ac nibh. Fusce lacus purus, aliquet at, feugiat non, pretium quis, lectus. Suspendisse potenti. In eleifend quam a odio.",sapien ut.ppt,2016-03-17 11:28:13,2018-02-24 05:19:27
68,Mead Rault,mrault1v@indiatimes.com,332-814-3050,Jenkins-Wintheiser,Delta,Corporate Projects,revolutionize vertical mindshare,"Cras mi pede, malesuada in, imperdiet et, commodo vulputate, justo. In blandit ultrices enim. Lorem ipsum dolor sit amet, consectetuer adipiscing elit. Proin interdum mauris non ligula pellentesque ultrices. Phasellus id sapien in sapien iaculis congue. Vivamus metus arcu, adipiscing molestie, hendrerit at, vulputate vitae, nisl.",vivamus vel nulla.ppt,2017-06-06 22:43:40,2018-01-26 16:50:30
69,Derril Temple,dtemple1w@umn.edu,926-777-1599,"Harvey, Okuneva and Denesik",Victor,Others,matrix bleeding-edge infomediaries,"Morbi quis tortor id nulla ultrices aliquet. Maecenas leo odio, condimentum id, luctus nec, molestie sed, justo. Pellentesque viverra pede ac diam. Cras pellentesque volutpat dui. Maecenas tristique, est et tempus semper, est quam pharetra magna, ac consequat metus sapien ut nunc. Vestibulum ante ipsum primis in faucibus orci luctus et ultrices posuere cubilia Curae; Mauris viverra diam vitae quam.",fusce.xls,2017-04-27 22:38:33,2018-07-28 12:57:54
70,Daniela Auger,dauger1x@wikia.com,137-492-8480,Emmerich-Witting,Victor Echo,Residential Projects,architect 24/365 initiatives,"Quisque ut erat. Curabitur gravida nisi at nibh. In hac habitasse platea dictumst. Aliquam augue quam, sollicitudin vitae, consectetuer eget, rutrum at, lorem. Integer tincidunt ante vel ipsum. Praesent blandit lacinia erat.",lorem ipsum dolor.xls,2017-02-24 11:12:03,2019-01-05 06:29:20
71,Baron Webermann,bwebermann1y@sciencedirect.com,119-923-4295,Raynor-Reilly,X-ray Bravo,Corporate Projects,innovate extensible e-commerce,"Sed sagittis. Nam congue, risus semper porta volutpat, quam pede lobortis ligula, sit amet eleifend pede libero quis orci. Nullam molestie nibh in lectus. Pellentesque at nulla. Suspendisse potenti. Cras in purus eu magna vulputate luctus. Cum sociis natoque penatibus et magnis dis parturient montes, nascetur ridiculus mus.",amet turpis elementum.ppt,2016-11-22 15:05:03,2018-10-27 22:09:51
72,Tudor Doumerc,tdoumerc1z@cnet.com,810-377-9055,Glover-Mraz,Lima Bravo,Others,reintermediate dynamic metrics,"Nulla tempus. Vivamus in felis eu sapien cursus vestibulum. Proin eu mi. Nulla ac enim. In tempor, turpis nec euismod scelerisque, quam turpis adipiscing lorem, vitae mattis nibh ligula nec sem. Duis aliquam convallis nunc. Proin at turpis a pede posuere nonummy.",nulla pede.xls,2016-08-05 01:21:14,2017-09-26 15:56:36
73,Enoch Farmery,efarmery20@drupal.org,511-421-0888,"Frami, Hermiston and Pouros",Sierra,Residential Projects,grow B2B mindshare,"Proin eu mi. Nulla ac enim. In tempor, turpis nec euismod scelerisque, quam turpis adipiscing lorem, vitae mattis nibh ligula nec sem. Duis aliquam convallis nunc. Proin at turpis a pede posuere nonummy. Integer non velit. Donec diam neque, vestibulum eget, vulputate ut, ultrices vel, augue.",blandit non interdum.ppt,2016-04-22 17:45:35,2018-04-16 00:13:27
74,Reginauld Roll,rroll21@yahoo.co.jp,726-421-5752,O Conner-Boyle,Alfa,Corporate Projects,engineer next-generation vortals,"Duis aliquam convallis nunc. Proin at turpis a pede posuere nonummy. Integer non velit. Donec diam neque, vestibulum eget, vulputate ut, ultrices vel, augue.",eros vestibulum.pdf,2016-12-15 00:52:09,2018-01-17 01:58:00
75,Ronnica Gantlett,rgantlett22@weibo.com,584-657-2369,"Steuber, Klocko and Christiansen",Charlie,Others,seize cross-media methodologies,Integer ac neque. Duis bibendum. Morbi non quam nec dui luctus rutrum. Nulla tellus. In sagittis dui vel nisl. Duis ac nibh.,ornare consequat lectus.ppt,2016-10-09 13:04:51,2018-11-06 19:46:25
76,Lorne Byforth,lbyforth23@unc.edu,628-463-0717,"Nitzsche, Fritsch and Stracke",Golf,Residential Projects,transform granular solutions,"Nullam molestie nibh in lectus. Pellentesque at nulla. Suspendisse potenti. Cras in purus eu magna vulputate luctus. Cum sociis natoque penatibus et magnis dis parturient montes, nascetur ridiculus mus. Vivamus vestibulum sagittis sapien.",magna vestibulum.ppt,2016-11-17 02:49:02,2018-11-30 05:33:39
77,Bea Augur,baugur24@prlog.org,596-532-9896,Price Inc,Yankee Golf,Corporate Projects,architect B2B convergence,"In sagittis dui vel nisl. Duis ac nibh. Fusce lacus purus, aliquet at, feugiat non, pretium quis, lectus.",justo maecenas rhoncus.ppt,2016-05-13 01:28:17,2018-03-05 22:50:33
78,Natty Luigi,nluigi25@cmu.edu,972-172-3776,Hahn-Lesch,Juliett Uniform,Others,visualize sexy users,In eleifend quam a odio. In hac habitasse platea dictumst. Maecenas ut massa quis augue luctus tincidunt. Nulla mollis molestie lorem. Quisque ut erat.,vel dapibus at.xls,2016-08-26 13:33:04,2018-09-24 11:48:34
79,Katine Secretan,ksecretan26@rediff.com,153-685-0355,Ondricka-Littel,Sierra Oscar,Residential Projects,engineer mission-critical mindshare,"Pellentesque at nulla. Suspendisse potenti. Cras in purus eu magna vulputate luctus. Cum sociis natoque penatibus et magnis dis parturient montes, nascetur ridiculus mus.",elementum.xls,2016-04-09 21:33:28,2019-01-24 01:33:34
80,Aila Whitrod,awhitrod27@cargocollective.com,671-679-0981,Hartmann-Zulauf,Tango Foxtrot,Corporate Projects,seize clicks-and-mortar models,"Pellentesque at nulla. Suspendisse potenti. Cras in purus eu magna vulputate luctus. Cum sociis natoque penatibus et magnis dis parturient montes, nascetur ridiculus mus. Vivamus vestibulum sagittis sapien. Cum sociis natoque penatibus et magnis dis parturient montes, nascetur ridiculus mus. Etiam vel augue.",faucibus.ppt,2016-11-14 20:47:28,2018-07-06 17:15:37
81,Kari Burdis,kburdis28@cam.ac.uk,787-174-0204,"Zboncak, O Reilly and Steuber",Papa,Others,productize B2B infomediaries,"Vestibulum sed magna at nunc commodo placerat. Praesent blandit. Nam nulla. Integer pede justo, lacinia eget, tincidunt eget, tempus vel, pede.",in felis.ppt,2017-03-23 03:42:01,2019-02-18 01:02:21
82,Ree Garrick,rgarrick29@cbslocal.com,729-365-4723,"Denesik, Bartoletti and Rowe",Alfa,Residential Projects,facilitate e-business e-tailers,In congue. Etiam justo. Etiam pretium iaculis justo.,ligula vehicula consequat.xls,2016-10-16 00:20:03,2018-12-26 08:16:47
83,Orion Oxbury,ooxbury2a@shareasale.com,532-191-4814,"Bradtke, Collins and Hermann",Papa,Corporate Projects,leverage end-to-end communities,"In sagittis dui vel nisl. Duis ac nibh. Fusce lacus purus, aliquet at, feugiat non, pretium quis, lectus. Suspendisse potenti. In eleifend quam a odio.",at ipsum.xls,2016-06-25 19:00:06,2018-12-09 18:00:04
84,Jens Adamovsky,jadamovsky2b@salon.com,710-429-5832,Schamberger Inc,Oscar Juliett,Others,utilize global markets,"Phasellus in felis. Donec semper sapien a libero. Nam dui. Proin leo odio, porttitor id, consequat in, consequat ut, nulla.",libero quis.xls,2016-07-22 19:25:30,2017-07-09 05:43:16
85,Clare Maskall,cmaskall2c@123-reg.co.uk,652-835-9565,Muller-Bernhard,Zulu Bravo,Residential Projects,visualize robust eyeballs,"In sagittis dui vel nisl. Duis ac nibh. Fusce lacus purus, aliquet at, feugiat non, pretium quis, lectus. Suspendisse potenti. In eleifend quam a odio.",enim blandit mi.ppt,2016-08-22 22:10:08,2018-06-29 22:41:01
86,Leroi Lardnar,llardnar2d@google.fr,618-891-1147,Jones Inc,Echo Oscar,Corporate Projects,redefine B2C solutions,In hac habitasse platea dictumst. Etiam faucibus cursus urna. Ut tellus. Nulla ut erat id mauris vulputate elementum. Nullam varius.,molestie sed justo.xls,2016-04-24 11:33:58,2019-02-22 08:18:37
87,Rafaello Pierson,rpierson2e@google.ru,790-945-0260,"Reichert, Abbott and Schaefer",Echo,Others,benchmark innovative metrics,"Integer non velit. Donec diam neque, vestibulum eget, vulputate ut, ultrices vel, augue. Vestibulum ante ipsum primis in faucibus orci luctus et ultrices posuere cubilia Curae; Donec pharetra, magna vestibulum aliquet ultrices, erat tortor sollicitudin mi, sit amet lobortis sapien sapien non mi.",magna vestibulum.ppt,2017-06-08 07:01:48,2019-01-05 08:57:07
88,Zaria Alderson,zalderson2f@arstechnica.com,351-957-0221,Schuster-Schuster,Mike,Residential Projects,orchestrate rich bandwidth,"Morbi ut odio. Cras mi pede, malesuada in, imperdiet et, commodo vulputate, justo. In blandit ultrices enim. Lorem ipsum dolor sit amet, consectetuer adipiscing elit. Proin interdum mauris non ligula pellentesque ultrices. Phasellus id sapien in sapien iaculis congue. Vivamus metus arcu, adipiscing molestie, hendrerit at, vulputate vitae, nisl.",duis aliquam.xls,2016-07-01 02:41:11,2017-08-12 14:44:18
89,Haskell Mowson,hmowson2g@xinhuanet.com,271-427-3776,Jenkins LLC,Uniform,Corporate Projects,extend next-generation methodologies,"Aliquam sit amet diam in magna bibendum imperdiet. Nullam orci pede, venenatis non, sodales sed, tincidunt eu, felis. Fusce posuere felis sed lacus. Morbi sem mauris, laoreet ut, rhoncus aliquet, pulvinar sed, nisl. Nunc rhoncus dui vel sem.",nunc.xls,2017-02-24 11:48:15,2018-09-23 23:11:18
90,Dudley Beachem,dbeachem2h@ucoz.ru,579-331-9419,O Connell-Jacobson,Echo,Others,mesh e-business methodologies,"Integer a nibh. In quis justo. Maecenas rhoncus aliquam lacus. Morbi quis tortor id nulla ultrices aliquet. Maecenas leo odio, condimentum id, luctus nec, molestie sed, justo. Pellentesque viverra pede ac diam. Cras pellentesque volutpat dui.",integer a.pdf,2017-06-01 18:34:15,2018-11-23 21:47:08
91,Gussie Manshaw,gmanshaw2i@ocn.ne.jp,225-248-8966,"Medhurst, Simonis and Dare",Whiskey Bravo,Residential Projects,drive collaborative e-tailers,"Etiam vel augue. Vestibulum rutrum rutrum neque. Aenean auctor gravida sem. Praesent id massa id nisl venenatis lacinia. Aenean sit amet justo. Morbi ut odio. Cras mi pede, malesuada in, imperdiet et, commodo vulputate, justo.",phasellus in felis.ppt,2016-11-14 11:48:57,2018-02-17 11:00:21
92,Logan Borge,lborge2j@amazon.co.jp,766-204-9365,Spencer and Sons,Yankee Papa,Corporate Projects,empower impactful ROI,"Lorem ipsum dolor sit amet, consectetuer adipiscing elit. Proin interdum mauris non ligula pellentesque ultrices. Phasellus id sapien in sapien iaculis congue. Vivamus metus arcu, adipiscing molestie, hendrerit at, vulputate vitae, nisl. Aenean lectus. Pellentesque eget nunc. Donec quis orci eget orci vehicula condimentum.",volutpat quam.ppt,2016-03-20 19:15:59,2018-09-01 10:40:18
93,Edan Hazeldean,ehazeldean2k@cargocollective.com,758-258-5524,Ullrich and Sons,Yankee Delta,Others,facilitate collaborative systems,"Vestibulum quam sapien, varius ut, blandit non, interdum in, ante. Vestibulum ante ipsum primis in faucibus orci luctus et ultrices posuere cubilia Curae; Duis faucibus accumsan odio. Curabitur convallis.",in.ppt,2017-03-20 11:34:45,2018-12-16 14:05:13
94,Dwight Keyson,dkeyson2l@taobao.com,321-571-1256,Hagenes Group,November Foxtrot,Residential Projects,deploy magnetic initiatives,"Vivamus vel nulla eget eros elementum pellentesque. Quisque porta volutpat erat. Quisque erat eros, viverra eget, congue eget, semper rutrum, nulla. Nunc purus. Phasellus in felis. Donec semper sapien a libero.",leo odio porttitor.ppt,2017-04-13 17:19:23,2018-08-02 04:50:31
95,Donn Ponceford,dponceford2m@un.org,285-648-6324,"Sauer, Torp and McDermott",Delta,Corporate Projects,drive strategic e-tailers,Aenean auctor gravida sem. Praesent id massa id nisl venenatis lacinia. Aenean sit amet justo. Morbi ut odio.,euismod.xls,2016-05-21 02:47:16,2017-07-19 02:21:59
96,Welsh Pilley,wpilley2n@microsoft.com,540-322-3577,Abbott and Sons,Mike Foxtrot,Others,enhance efficient partnerships,Vivamus in felis eu sapien cursus vestibulum. Proin eu mi. Nulla ac enim.,duis aliquam.xls,2017-02-05 02:13:14,2017-11-23 03:08:48
97,Zach Checketts,zchecketts2o@mediafire.com,268-577-8708,"Auer, Nikolaus and Champlin",Oscar Foxtrot,Residential Projects,drive extensible paradigms,Duis bibendum. Morbi non quam nec dui luctus rutrum. Nulla tellus. In sagittis dui vel nisl. Duis ac nibh.,viverra diam.ppt,2016-10-12 15:42:13,2018-07-13 17:24:21
98,Dew Tue,dtue2p@wikipedia.org,254-484-7224,Jakubowski LLC,X-ray Alfa,Corporate Projects,expedite best-of-breed deliverables,"Integer ac neque. Duis bibendum. Morbi non quam nec dui luctus rutrum. Nulla tellus. In sagittis dui vel nisl. Duis ac nibh. Fusce lacus purus, aliquet at, feugiat non, pretium quis, lectus.",aliquam sit.ppt,2016-05-29 18:34:27,2017-09-19 23:25:57
99,Aylmer Kiwitz,akiwitz2q@vistaprint.com,665-380-8505,"Okuneva, Wisoky and Krajcik",November Echo,Others,benchmark out-of-the-box networks,Integer ac neque. Duis bibendum. Morbi non quam nec dui luctus rutrum. Nulla tellus. In sagittis dui vel nisl. Duis ac nibh.,ante.xls,2017-04-21 06:50:46,2018-03-03 19:37:47
100,Jorey Farrey,jfarrey2r@ibm.com,553-195-9713,"Strosin, Muller and Kiehn",Quebec Yankee,Residential Projects,redefine transparent users,"Proin eu mi. Nulla ac enim. In tempor, turpis nec euismod scelerisque, quam turpis adipiscing lorem, vitae mattis nibh ligula nec sem. Duis aliquam convallis nunc. Proin at turpis a pede posuere nonummy. Integer non velit. Donec diam neque, vestibulum eget, vulputate ut, ultrices vel, augue.",cras in purus.ppt,2016-11-07 17:58:20,2017-10-27 16:00:28
101,Theodora Minogue,tminogue2s@ezinearticles.com,773-129-9484,Heidenreich Group,Victor Papa,Corporate Projects,whiteboard 24/365 users,"Maecenas tristique, est et tempus semper, est quam pharetra magna, ac consequat metus sapien ut nunc. Vestibulum ante ipsum primis in faucibus orci luctus et ultrices posuere cubilia Curae; Mauris viverra diam vitae quam. Suspendisse potenti.",phasellus sit amet.xls,2016-09-15 07:07:49,2018-08-29 02:20:04
102,Pinchas Smaling,psmaling2t@economist.com,130-693-6595,Kreiger LLC,Charlie,Others,syndicate turn-key users,Nulla facilisi. Cras non velit nec nisi vulputate nonummy. Maecenas tincidunt lacus at velit. Vivamus vel nulla eget eros elementum pellentesque. Quisque porta volutpat erat.,mauris morbi.ppt,2017-03-16 11:39:10,2018-02-17 02:17:57
103,Carola Courvert,ccourvert2u@deliciousdays.com,659-678-7676,Nicolas Group,Echo,Residential Projects,streamline efficient paradigms,"Duis aliquam convallis nunc. Proin at turpis a pede posuere nonummy. Integer non velit. Donec diam neque, vestibulum eget, vulputate ut, ultrices vel, augue. Vestibulum ante ipsum primis in faucibus orci luctus et ultrices posuere cubilia Curae; Donec pharetra, magna vestibulum aliquet ultrices, erat tortor sollicitudin mi, sit amet lobortis sapien sapien non mi.",in faucibus orci.ppt,2016-12-26 10:22:31,2017-07-15 00:07:20
104,Frank MacCarrick,fmaccarrick2v@1688.com,502-375-2923,Ritchie and Sons,Quebec November,Corporate Projects,matrix synergistic networks,"Curabitur in libero ut massa volutpat convallis. Morbi odio odio, elementum eu, interdum eu, tincidunt in, leo. Maecenas pulvinar lobortis est.",fusce congue diam.xls,2016-05-03 19:25:22,2018-05-18 03:11:51
105,Nickey Albro,nalbro2w@engadget.com,901-811-3026,Zulauf-Sauer,November Sierra,Others,morph front-end partnerships,"Nam congue, risus semper porta volutpat, quam pede lobortis ligula, sit amet eleifend pede libero quis orci. Nullam molestie nibh in lectus. Pellentesque at nulla. Suspendisse potenti. Cras in purus eu magna vulputate luctus.",suscipit ligula in.ppt,2016-06-03 17:24:57,2019-02-18 07:09:24
106,Freemon Davidescu,fdavidescu2x@blogspot.com,506-511-6557,"Nader, Ratke and Konopelski",Mike November,Residential Projects,redefine revolutionary e-commerce,Integer a nibh. In quis justo. Maecenas rhoncus aliquam lacus. Morbi quis tortor id nulla ultrices aliquet.,non.xls,2017-02-13 10:04:00,2017-06-13 13:01:45
107,Vanya Akester,vakester2y@exblog.jp,239-332-6352,Yost Group,Kilo Lima,Corporate Projects,morph transparent synergies,"Proin at turpis a pede posuere nonummy. Integer non velit. Donec diam neque, vestibulum eget, vulputate ut, ultrices vel, augue. Vestibulum ante ipsum primis in faucibus orci luctus et ultrices posuere cubilia Curae; Donec pharetra, magna vestibulum aliquet ultrices, erat tortor sollicitudin mi, sit amet lobortis sapien sapien non mi. Integer ac neque. Duis bibendum. Morbi non quam nec dui luctus rutrum.",congue eget semper.ppt,2017-05-13 20:33:18,2018-11-30 05:19:23
108,Renato Lazonby,rlazonby2z@ow.ly,198-489-1532,Zboncak-Douglas,Romeo,Others,utilize ubiquitous users,Pellentesque at nulla. Suspendisse potenti. Cras in purus eu magna vulputate luctus.,lectus.ppt,2016-06-07 03:33:35,2018-07-28 13:48:44
109,Carlene De Robertis,cde30@opera.com,273-977-6080,Abbott-Larkin,Whiskey,Residential Projects,whiteboard compelling technologies,Mauris lacinia sapien quis libero. Nullam sit amet turpis elementum ligula vehicula consequat. Morbi a ipsum. Integer a nibh. In quis justo.,adipiscing.ppt,2016-03-16 01:06:40,2018-05-16 23:22:11
110,Laurella Paolozzi,lpaolozzi31@scribd.com,492-322-7360,Streich-Considine,Tango,Corporate Projects,recontextualize customized applications,"Duis at velit eu est congue elementum. In hac habitasse platea dictumst. Morbi vestibulum, velit id pretium iaculis, diam erat fermentum justo, nec condimentum neque sapien placerat ante. Nulla justo. Aliquam quis turpis eget elit sodales scelerisque. Mauris sit amet eros.",in tempus sit.ppt,2016-11-12 06:39:20,2018-06-27 06:33:53
111,Hedvige Fuxman,hfuxman32@whitehouse.gov,915-650-8344,Bergnaum-Doyle,Oscar Tango,Others,recontextualize global methodologies,"Vestibulum ante ipsum primis in faucibus orci luctus et ultrices posuere cubilia Curae; Nulla dapibus dolor vel est. Donec odio justo, sollicitudin ut, suscipit a, feugiat et, eros. Vestibulum ac est lacinia nisi venenatis tristique. Fusce congue, diam id ornare imperdiet, sapien urna pretium nisl, ut volutpat sapien arcu sed augue. Aliquam erat volutpat. In congue.",ut blandit.ppt,2016-07-29 02:59:52,2017-07-26 17:21:06
112,Noland Murrigans,nmurrigans33@imageshack.us,254-441-7084,Roob Group,Zulu,Residential Projects,facilitate plug-and-play e-business,Etiam pretium iaculis justo. In hac habitasse platea dictumst. Etiam faucibus cursus urna. Ut tellus.,ante vel ipsum.xls,2016-09-12 10:39:29,2017-09-02 03:25:44
113,Nataniel Merritt,nmerritt34@usatoday.com,708-879-4130,Klein LLC,Oscar,Corporate Projects,integrate holistic mindshare,"Duis ac nibh. Fusce lacus purus, aliquet at, feugiat non, pretium quis, lectus. Suspendisse potenti. In eleifend quam a odio. In hac habitasse platea dictumst. Maecenas ut massa quis augue luctus tincidunt.",quis lectus.ppt,2016-10-18 02:56:50,2018-10-09 05:23:00
114,Connor Battershall,cbattershall35@yahoo.com,841-390-1230,Volkman-Wisoky,Quebec Lima,Others,syndicate open-source relationships,"Suspendisse potenti. Nullam porttitor lacus at turpis. Donec posuere metus vitae ipsum. Aliquam non mauris. Morbi non lectus. Aliquam sit amet diam in magna bibendum imperdiet. Nullam orci pede, venenatis non, sodales sed, tincidunt eu, felis.",luctus tincidunt nulla.pdf,2016-09-12 04:19:19,2018-08-23 07:08:45
115,Audi Brandli,abrandli36@instagram.com,459-906-7193,"Ebert, Dibbert and Bednar",Hotel,Residential Projects,drive back-end architectures,Nulla justo. Aliquam quis turpis eget elit sodales scelerisque. Mauris sit amet eros. Suspendisse accumsan tortor quis turpis. Sed ante. Vivamus tortor. Duis mattis egestas metus.,luctus cum sociis.ppt,2017-02-12 11:08:56,2018-01-24 23:02:41
116,Enrico Martindale,emartindale37@naver.com,653-447-3284,Borer-Lindgren,Uniform,Corporate Projects,architect intuitive networks,"Sed ante. Vivamus tortor. Duis mattis egestas metus. Aenean fermentum. Donec ut mauris eget massa tempor convallis. Nulla neque libero, convallis eget, eleifend luctus, ultricies eu, nibh. Quisque id justo sit amet sapien dignissim vestibulum.",ultrices.ppt,2016-06-08 02:00:24,2018-03-18 07:29:07
117,Rouvin Sawart,rsawart38@intel.com,741-468-6393,Dicki Inc,Delta Charlie,Others,harness integrated convergence,Nulla ut erat id mauris vulputate elementum. Nullam varius. Nulla facilisi. Cras non velit nec nisi vulputate nonummy.,praesent blandit.ppt,2017-04-27 09:39:39,2018-09-26 16:23:28
118,Lisetta Darell,ldarell39@ning.com,765-619-8711,"Monahan, Friesen and Hoeger",Romeo,Residential Projects,enable distributed metrics,"Morbi vestibulum, velit id pretium iaculis, diam erat fermentum justo, nec condimentum neque sapien placerat ante. Nulla justo. Aliquam quis turpis eget elit sodales scelerisque. Mauris sit amet eros. Suspendisse accumsan tortor quis turpis.",nulla justo aliquam.ppt,2016-10-24 03:13:37,2018-07-13 21:07:06
119,Ursola Tivolier,utivolier3a@soundcloud.com,488-102-7859,Torp-McClure,Tango Mike,Corporate Projects,architect 24/7 e-commerce,"Proin risus. Praesent lectus. Vestibulum quam sapien, varius ut, blandit non, interdum in, ante.",semper sapien.ppt,2017-05-05 11:09:47,2019-02-28 10:41:39
120,Jess Jannasch,jjannasch3b@newyorker.com,340-460-0039,Beahan LLC,Yankee Oscar,Others,brand integrated convergence,"Duis consequat dui nec nisi volutpat eleifend. Donec ut dolor. Morbi vel lectus in quam fringilla rhoncus. Mauris enim leo, rhoncus sed, vestibulum sit amet, cursus id, turpis. Integer aliquet, massa id lobortis convallis, tortor risus dapibus augue, vel accumsan tellus nisi eu orci.",purus.ppt,2016-10-03 13:33:43,2017-06-21 13:04:47
121,Sharla Burdon,sburdon3c@networksolutions.com,326-334-6758,"Reinger, Oberbrunner and Hills",X-ray,Residential Projects,orchestrate rich paradigms,"Cras pellentesque volutpat dui. Maecenas tristique, est et tempus semper, est quam pharetra magna, ac consequat metus sapien ut nunc. Vestibulum ante ipsum primis in faucibus orci luctus et ultrices posuere cubilia Curae; Mauris viverra diam vitae quam. Suspendisse potenti. Nullam porttitor lacus at turpis.",proin leo odio.xls,2016-06-11 16:54:43,2017-08-17 17:09:13
122,Ugo Sneesby,usneesby3d@businessweek.com,909-919-8844,Koelpin and Sons,Charlie Lima,Corporate Projects,revolutionize front-end vortals,Nulla mollis molestie lorem. Quisque ut erat. Curabitur gravida nisi at nibh.,pretium nisl.ppt,2016-06-27 16:08:57,2017-08-18 22:29:12
123,Zed Samwayes,zsamwayes3e@bloglovin.com,885-632-7837,"Abernathy, Baumbach and Casper",Hotel,Others,orchestrate plug-and-play e-markets,Cras non velit nec nisi vulputate nonummy. Maecenas tincidunt lacus at velit. Vivamus vel nulla eget eros elementum pellentesque.,nec nisi.xls,2016-04-20 17:08:28,2017-08-03 18:07:06
124,Farley Matches,fmatches3f@geocities.jp,535-593-9552,Mills-Schmitt,X-ray,Residential Projects,transform innovative architectures,Nullam sit amet turpis elementum ligula vehicula consequat. Morbi a ipsum. Integer a nibh. In quis justo.,tincidunt eget.doc,2016-08-22 05:07:03,2018-02-14 00:10:25
125,Ker De Lorenzo,kde3g@icq.com,963-342-3348,Carroll-Runolfsson,Victor,Corporate Projects,reintermediate dynamic communities,Sed accumsan felis. Ut at dolor quis odio consequat varius. Integer ac leo. Pellentesque ultrices mattis odio. Donec vitae nisi.,gravida nisi.doc,2016-12-07 23:47:19,2017-11-19 00:58:24
126,Quinn Adamek,qadamek3h@discovery.com,784-337-6256,Monahan-Bechtelar,Romeo Quebec,Others,engage frictionless e-business,Etiam faucibus cursus urna. Ut tellus. Nulla ut erat id mauris vulputate elementum. Nullam varius. Nulla facilisi.,semper interdum.xls,2016-03-14 18:26:54,2018-11-29 00:56:35
127,Yehudit Huie,yhuie3i@washingtonpost.com,258-638-1686,Ondricka and Sons,Foxtrot Hotel,Residential Projects,maximize cross-media metrics,Nullam sit amet turpis elementum ligula vehicula consequat. Morbi a ipsum. Integer a nibh. In quis justo. Maecenas rhoncus aliquam lacus.,quisque erat eros.xls,2017-06-04 16:14:11,2018-05-01 01:08:07
128,Jamil Linfield,jlinfield3j@psu.edu,877-836-6575,"Wilkinson, Bashirian and Graham",Quebec,Corporate Projects,orchestrate cross-media web-readiness,"Morbi odio odio, elementum eu, interdum eu, tincidunt in, leo. Maecenas pulvinar lobortis est. Phasellus sit amet erat. Nulla tempus. Vivamus in felis eu sapien cursus vestibulum.",sagittis sapien cum.ppt,2016-10-08 11:49:22,2018-03-02 07:05:02
129,Teirtza Raphael,traphael3k@addtoany.com,825-444-7529,Ernser Group,India Sierra,Others,implement B2C supply-chains,Etiam justo. Etiam pretium iaculis justo. In hac habitasse platea dictumst. Etiam faucibus cursus urna.,odio in hac.doc,2017-05-22 10:43:46,2018-01-31 00:36:21
130,Muhammad Deddum,mdeddum3l@mediafire.com,823-367-1012,Braun LLC,India,Residential Projects,redefine vertical e-tailers,"Sed sagittis. Nam congue, risus semper porta volutpat, quam pede lobortis ligula, sit amet eleifend pede libero quis orci. Nullam molestie nibh in lectus. Pellentesque at nulla.",ullamcorper augue a.pdf,2017-03-13 02:24:07,2017-09-10 05:28:25
131,Marietta Bifield,mbifield3m@sakura.ne.jp,546-528-5099,"Jacobson, Douglas and Goyette",Lima,Corporate Projects,iterate extensible interfaces,"Nulla tempus. Vivamus in felis eu sapien cursus vestibulum. Proin eu mi. Nulla ac enim. In tempor, turpis nec euismod scelerisque, quam turpis adipiscing lorem, vitae mattis nibh ligula nec sem.",non pretium quis.ppt,2017-05-01 16:32:09,2018-11-02 15:12:44
132,Damon McCafferky,dmccafferky3n@godaddy.com,954-235-6984,"Kunze, Simonis and Fahey",Kilo X-ray,Others,envisioneer extensible infrastructures,Aenean lectus. Pellentesque eget nunc. Donec quis orci eget orci vehicula condimentum. Curabitur in libero ut massa volutpat convallis.,purus aliquet.ppt,2016-06-11 07:48:36,2017-07-12 10:02:58
133,Shalne Jellis,sjellis3o@accuweather.com,748-432-4318,Roob-Mills,Whiskey,Residential Projects,morph back-end partnerships,"Morbi non quam nec dui luctus rutrum. Nulla tellus. In sagittis dui vel nisl. Duis ac nibh. Fusce lacus purus, aliquet at, feugiat non, pretium quis, lectus. Suspendisse potenti.",sed nisl.xls,2017-02-18 07:15:04,2018-12-09 01:20:59
134,Lorain Fearnsides,lfearnsides3p@is.gd,492-934-0847,"Lebsack, Morissette and Vandervort",Tango Alfa,Corporate Projects,innovate end-to-end niches,"Donec odio justo, sollicitudin ut, suscipit a, feugiat et, eros. Vestibulum ac est lacinia nisi venenatis tristique. Fusce congue, diam id ornare imperdiet, sapien urna pretium nisl, ut volutpat sapien arcu sed augue.",lobortis sapien.ppt,2016-09-19 01:21:11,2018-10-24 12:08:55
135,Zak Credland,zcredland3q@census.gov,973-346-3062,Eichmann-Reichert,India Yankee,Others,strategize clicks-and-mortar solutions,"Donec semper sapien a libero. Nam dui. Proin leo odio, porttitor id, consequat in, consequat ut, nulla. Sed accumsan felis.",et ultrices.ppt,2017-06-02 15:10:43,2017-08-13 04:59:03
136,Reggy Childes,rchildes3r@typepad.com,941-769-7860,Fahey-Oberbrunner,Oscar,Residential Projects,target ubiquitous web services,"Sed ante. Vivamus tortor. Duis mattis egestas metus. Aenean fermentum. Donec ut mauris eget massa tempor convallis. Nulla neque libero, convallis eget, eleifend luctus, ultricies eu, nibh. Quisque id justo sit amet sapien dignissim vestibulum.",justo.xls,2016-07-08 22:29:04,2018-10-31 15:37:36
137,Hunter Towndrow,htowndrow3s@edublogs.org,101-530-2346,Schaefer and Sons,Yankee Zulu,Corporate Projects,syndicate bricks-and-clicks synergies,"Nulla ac enim. In tempor, turpis nec euismod scelerisque, quam turpis adipiscing lorem, vitae mattis nibh ligula nec sem. Duis aliquam convallis nunc. Proin at turpis a pede posuere nonummy. Integer non velit. Donec diam neque, vestibulum eget, vulputate ut, ultrices vel, augue.",et ultrices.ppt,2017-03-15 00:37:57,2017-08-04 16:02:08
138,Delmor Kaasman,dkaasman3t@imageshack.us,988-267-9000,Hauck-Gottlieb,Whiskey Lima,Others,monetize enterprise paradigms,"Vivamus vestibulum sagittis sapien. Cum sociis natoque penatibus et magnis dis parturient montes, nascetur ridiculus mus. Etiam vel augue. Vestibulum rutrum rutrum neque. Aenean auctor gravida sem. Praesent id massa id nisl venenatis lacinia. Aenean sit amet justo.",cras.ppt,2016-10-15 09:21:38,2018-05-07 13:33:02
139,Edith Petrie,epetrie3u@ovh.net,720-539-0262,"Rutherford, Kub and Ritchie",Papa Mike,Residential Projects,e-enable enterprise paradigms,Nulla facilisi. Cras non velit nec nisi vulputate nonummy. Maecenas tincidunt lacus at velit. Vivamus vel nulla eget eros elementum pellentesque.,aliquet.pdf,2016-06-16 09:52:31,2018-01-08 23:52:07
140,Grady McHarry,gmcharry3v@360.cn,314-139-0011,"Doyle, Lueilwitz and Price",India,Corporate Projects,generate vertical content,"Vivamus metus arcu, adipiscing molestie, hendrerit at, vulputate vitae, nisl. Aenean lectus. Pellentesque eget nunc. Donec quis orci eget orci vehicula condimentum. Curabitur in libero ut massa volutpat convallis.",odio.xls,2017-02-19 05:19:48,2017-07-08 16:55:10
141,Brigitte Gellately,bgellately3w@amazon.com,324-981-6254,Reynolds and Sons,Echo,Others,leverage revolutionary systems,Morbi non quam nec dui luctus rutrum. Nulla tellus. In sagittis dui vel nisl.,metus.doc,2017-05-16 05:38:41,2018-03-02 21:19:31
142,Cirstoforo Rubenczyk,crubenczyk3x@i2i.jp,529-225-1671,"Cole, McLaughlin and Jacobi",Juliett,Residential Projects,drive proactive action-items,"Sed sagittis. Nam congue, risus semper porta volutpat, quam pede lobortis ligula, sit amet eleifend pede libero quis orci. Nullam molestie nibh in lectus.",cubilia curae.ppt,2016-08-28 06:32:41,2018-11-07 18:12:38
143,Marley Waine,mwaine3y@jimdo.com,642-875-2303,Schulist Group,Papa,Corporate Projects,whiteboard proactive infomediaries,"Vivamus vestibulum sagittis sapien. Cum sociis natoque penatibus et magnis dis parturient montes, nascetur ridiculus mus. Etiam vel augue. Vestibulum rutrum rutrum neque. Aenean auctor gravida sem. Praesent id massa id nisl venenatis lacinia. Aenean sit amet justo.",augue aliquam.ppt,2016-04-30 22:59:52,2018-11-21 23:51:53
144,Glynn Boulsher,gboulsher3z@wikimedia.org,756-721-7049,Carroll and Sons,Zulu Hotel,Others,enable collaborative ROI,"Nam nulla. Integer pede justo, lacinia eget, tincidunt eget, tempus vel, pede. Morbi porttitor lorem id ligula. Suspendisse ornare consequat lectus. In est risus, auctor sed, tristique in, tempus sit amet, sem. Fusce consequat.",cubilia curae donec.pdf,2016-06-16 23:24:46,2017-12-01 02:56:38
145,Maryrose Takos,mtakos40@phpbb.com,531-608-9733,"Johnston, Veum and Dicki",Papa Yankee,Residential Projects,incentivize viral technologies,"Praesent blandit. Nam nulla. Integer pede justo, lacinia eget, tincidunt eget, tempus vel, pede. Morbi porttitor lorem id ligula. Suspendisse ornare consequat lectus.",eros viverra.doc,2016-06-16 00:48:36,2017-07-22 08:42:35
146,Ariela Freckingham,afreckingham41@desdev.cn,203-770-3030,"Crist, Toy and Auer",Foxtrot,Corporate Projects,scale sticky channels,Maecenas pulvinar lobortis est. Phasellus sit amet erat. Nulla tempus. Vivamus in felis eu sapien cursus vestibulum.,varius.ppt,2017-03-30 17:15:31,2018-05-03 10:53:24
147,Latashia Willshaw,lwillshaw42@trellian.com,285-222-0276,Lindgren-Legros,Uniform,Others,orchestrate virtual networks,Cras non velit nec nisi vulputate nonummy. Maecenas tincidunt lacus at velit. Vivamus vel nulla eget eros elementum pellentesque.,duis bibendum felis.xls,2017-04-11 22:00:52,2018-11-10 01:08:12
148,Dickie Frowde,dfrowde43@cargocollective.com,471-760-5938,"Rau, Stroman and Hammes",Foxtrot Zulu,Residential Projects,cultivate revolutionary vortals,"Nulla tellus. In sagittis dui vel nisl. Duis ac nibh. Fusce lacus purus, aliquet at, feugiat non, pretium quis, lectus. Suspendisse potenti. In eleifend quam a odio.",lacinia nisi.xls,2016-05-20 22:22:36,2017-12-14 16:40:26
149,Shayna Sinfield,ssinfield44@mac.com,148-874-3029,"Bradtke, Bogisich and Stroman",Hotel Oscar,Corporate Projects,revolutionize killer users,"Vivamus vestibulum sagittis sapien. Cum sociis natoque penatibus et magnis dis parturient montes, nascetur ridiculus mus. Etiam vel augue. Vestibulum rutrum rutrum neque. Aenean auctor gravida sem.",quisque erat.pdf,2016-09-03 14:27:48,2017-09-25 18:33:30
150,Burl Bohin,bbohin45@digg.com,611-675-0753,Bode and Sons,Yankee Bravo,Others,brand dynamic web services,"Fusce posuere felis sed lacus. Morbi sem mauris, laoreet ut, rhoncus aliquet, pulvinar sed, nisl. Nunc rhoncus dui vel sem. Sed sagittis. Nam congue, risus semper porta volutpat, quam pede lobortis ligula, sit amet eleifend pede libero quis orci.",velit eu est.pdf,2016-08-16 23:00:00,2018-04-14 12:40:05
151,Mel Ranken,mranken46@thetimes.co.uk,376-628-0762,Bode and Sons,Alfa,Residential Projects,optimize frictionless partnerships,"Morbi sem mauris, laoreet ut, rhoncus aliquet, pulvinar sed, nisl. Nunc rhoncus dui vel sem. Sed sagittis. Nam congue, risus semper porta volutpat, quam pede lobortis ligula, sit amet eleifend pede libero quis orci. Nullam molestie nibh in lectus. Pellentesque at nulla. Suspendisse potenti.",lectus pellentesque.xls,2017-05-14 10:07:51,2018-06-13 06:13:55
152,Alexandre Kitchaside,akitchaside47@yahoo.co.jp,374-635-4866,Satterfield Inc,Lima Victor,Corporate Projects,e-enable synergistic infrastructures,"Nulla neque libero, convallis eget, eleifend luctus, ultricies eu, nibh. Quisque id justo sit amet sapien dignissim vestibulum. Vestibulum ante ipsum primis in faucibus orci luctus et ultrices posuere cubilia Curae; Nulla dapibus dolor vel est. Donec odio justo, sollicitudin ut, suscipit a, feugiat et, eros. Vestibulum ac est lacinia nisi venenatis tristique. Fusce congue, diam id ornare imperdiet, sapien urna pretium nisl, ut volutpat sapien arcu sed augue.",varius ut.ppt,2017-04-20 16:41:02,2018-11-23 13:13:10
153,Riobard Philbin,rphilbin48@paypal.com,141-283-1453,Goldner Inc,Mike,Others,incubate leading-edge portals,"Proin eu mi. Nulla ac enim. In tempor, turpis nec euismod scelerisque, quam turpis adipiscing lorem, vitae mattis nibh ligula nec sem. Duis aliquam convallis nunc. Proin at turpis a pede posuere nonummy. Integer non velit. Donec diam neque, vestibulum eget, vulputate ut, ultrices vel, augue.",in.ppt,2017-05-04 12:32:28,2019-01-11 17:58:26
154,Mercy Giacomelli,mgiacomelli49@hc360.com,861-836-3718,"Smitham, Ratke and Quitzon",India,Residential Projects,brand bricks-and-clicks methodologies,"Curabitur gravida nisi at nibh. In hac habitasse platea dictumst. Aliquam augue quam, sollicitudin vitae, consectetuer eget, rutrum at, lorem. Integer tincidunt ante vel ipsum. Praesent blandit lacinia erat.",vel accumsan tellus.ppt,2016-12-22 15:04:54,2018-05-31 15:10:31
155,Lucho Graysmark,lgraysmark4a@simplemachines.org,340-297-2722,"Aufderhar, Robel and O Reilly",Alfa,Corporate Projects,utilize cutting-edge convergence,Nullam varius. Nulla facilisi. Cras non velit nec nisi vulputate nonummy. Maecenas tincidunt lacus at velit.,id.xls,2016-11-16 11:18:59,2018-07-11 07:31:08
156,Curtice Swyer,cswyer4b@thetimes.co.uk,429-494-3000,Pfannerstill LLC,Uniform,Others,productize B2C infrastructures,"Duis aliquam convallis nunc. Proin at turpis a pede posuere nonummy. Integer non velit. Donec diam neque, vestibulum eget, vulputate ut, ultrices vel, augue.",hac habitasse platea.doc,2016-11-09 18:13:33,2018-08-08 03:57:44
157,Rhody Cotesford,rcotesford4c@baidu.com,956-269-5731,Hermann LLC,Hotel Mike,Residential Projects,disintermediate cross-media e-markets,"Nulla facilisi. Cras non velit nec nisi vulputate nonummy. Maecenas tincidunt lacus at velit. Vivamus vel nulla eget eros elementum pellentesque. Quisque porta volutpat erat. Quisque erat eros, viverra eget, congue eget, semper rutrum, nulla. Nunc purus.",quis orci nullam.xls,2016-12-12 16:32:12,2017-12-11 08:24:25
158,Finley Knight,fknight4d@comcast.net,179-244-8935,Dicki-Welch,Bravo,Corporate Projects,seize impactful channels,"Maecenas rhoncus aliquam lacus. Morbi quis tortor id nulla ultrices aliquet. Maecenas leo odio, condimentum id, luctus nec, molestie sed, justo. Pellentesque viverra pede ac diam. Cras pellentesque volutpat dui. Maecenas tristique, est et tempus semper, est quam pharetra magna, ac consequat metus sapien ut nunc.",aliquam quis turpis.ppt,2017-05-08 09:06:54,2018-01-29 11:03:41
159,Fianna Maharey,fmaharey4e@fda.gov,418-295-7415,"White, Aufderhar and Lakin",Mike Juliett,Others,grow distributed initiatives,"Curabitur in libero ut massa volutpat convallis. Morbi odio odio, elementum eu, interdum eu, tincidunt in, leo. Maecenas pulvinar lobortis est. Phasellus sit amet erat. Nulla tempus. Vivamus in felis eu sapien cursus vestibulum. Proin eu mi.",platea dictumst etiam.xls,2017-04-05 16:38:49,2017-11-28 11:02:08
160,Tye Dikles,tdikles4f@freewebs.com,283-930-5240,Pacocha Inc,Zulu,Residential Projects,synergize efficient action-items,Vestibulum ante ipsum primis in faucibus orci luctus et ultrices posuere cubilia Curae; Mauris viverra diam vitae quam. Suspendisse potenti. Nullam porttitor lacus at turpis. Donec posuere metus vitae ipsum. Aliquam non mauris. Morbi non lectus. Aliquam sit amet diam in magna bibendum imperdiet.,non interdum.ppt,2016-12-29 19:31:08,2018-09-14 01:52:23
161,Lavina Rowett,lrowett4g@photobucket.com,539-694-5112,Miller-Halvorson,Sierra Whiskey,Corporate Projects,exploit strategic markets,"Quisque id justo sit amet sapien dignissim vestibulum. Vestibulum ante ipsum primis in faucibus orci luctus et ultrices posuere cubilia Curae; Nulla dapibus dolor vel est. Donec odio justo, sollicitudin ut, suscipit a, feugiat et, eros. Vestibulum ac est lacinia nisi venenatis tristique. Fusce congue, diam id ornare imperdiet, sapien urna pretium nisl, ut volutpat sapien arcu sed augue. Aliquam erat volutpat. In congue.",bibendum imperdiet.ppt,2016-04-11 18:36:40,2017-09-24 07:24:11
162,Wolf Bonaire,wbonaire4h@multiply.com,556-716-8670,Carter Inc,X-ray,Others,mesh one-to-one synergies,Donec posuere metus vitae ipsum. Aliquam non mauris. Morbi non lectus. Aliquam sit amet diam in magna bibendum imperdiet.,et tempus semper.doc,2016-12-25 05:07:06,2018-10-02 21:09:28
163,Arlie Penright,apenright4i@webeden.co.uk,410-591-7636,Schuster Group,Whiskey Tango,Residential Projects,generate granular infrastructures,"Donec odio justo, sollicitudin ut, suscipit a, feugiat et, eros. Vestibulum ac est lacinia nisi venenatis tristique. Fusce congue, diam id ornare imperdiet, sapien urna pretium nisl, ut volutpat sapien arcu sed augue. Aliquam erat volutpat.",nisi.xls,2017-01-01 10:32:59,2018-06-30 22:53:09
164,Marleen Matuszinski,mmatuszinski4j@ezinearticles.com,841-420-4280,"Thiel, Koelpin and Turner",Romeo Lima,Corporate Projects,synthesize scalable bandwidth,"In quis justo. Maecenas rhoncus aliquam lacus. Morbi quis tortor id nulla ultrices aliquet. Maecenas leo odio, condimentum id, luctus nec, molestie sed, justo. Pellentesque viverra pede ac diam.",odio.xls,2017-04-09 22:26:22,2018-10-16 01:39:00
165,Brendan Gowry,bgowry4k@indiatimes.com,614-935-3880,Larkin-Streich,Delta,Others,iterate open-source e-markets,Vestibulum rutrum rutrum neque. Aenean auctor gravida sem. Praesent id massa id nisl venenatis lacinia. Aenean sit amet justo.,nulla suspendisse potenti.xls,2016-12-29 12:53:04,2019-02-01 22:12:10
166,Pierre Wogan,pwogan4l@globo.com,256-449-7927,"O Conner, Stokes and O Connell",Romeo Yankee,Residential Projects,optimize transparent eyeballs,In hac habitasse platea dictumst. Etiam faucibus cursus urna. Ut tellus. Nulla ut erat id mauris vulputate elementum. Nullam varius. Nulla facilisi. Cras non velit nec nisi vulputate nonummy.,nibh.pdf,2016-10-01 02:35:13,2018-06-02 19:11:07
167,Rufe Kohler,rkohler4m@youku.com,383-221-3912,Larson Inc,Victor,Corporate Projects,syndicate world-class vortals,"Cras in purus eu magna vulputate luctus. Cum sociis natoque penatibus et magnis dis parturient montes, nascetur ridiculus mus. Vivamus vestibulum sagittis sapien. Cum sociis natoque penatibus et magnis dis parturient montes, nascetur ridiculus mus. Etiam vel augue.",vestibulum ante.xls,2016-11-24 20:37:47,2017-07-20 02:15:17
168,Hortensia Delatour,hdelatour4n@google.com.au,332-950-4182,Murray Group,Lima Alfa,Others,transition wireless niches,"Phasellus in felis. Donec semper sapien a libero. Nam dui. Proin leo odio, porttitor id, consequat in, consequat ut, nulla. Sed accumsan felis.",tortor eu.xls,2017-06-01 23:37:49,2018-07-11 17:58:52
169,Dyan Knibbs,dknibbs4o@cnn.com,232-218-1292,Cormier and Sons,Echo Sierra,Residential Projects,optimize distributed relationships,Vivamus in felis eu sapien cursus vestibulum. Proin eu mi. Nulla ac enim.,ultricies.pdf,2016-09-12 04:09:17,2019-02-04 02:56:21
170,Buckie Studdert,bstuddert4p@prnewswire.com,376-798-2183,"Lowe, King and Simonis",Charlie November,Corporate Projects,leverage robust e-markets,Integer tincidunt ante vel ipsum. Praesent blandit lacinia erat. Vestibulum sed magna at nunc commodo placerat.,fusce consequat.ppt,2017-02-19 10:05:27,2017-07-17 09:21:14
171,Fae Batters,fbatters4q@sogou.com,627-453-9388,Morar-Brown,Alfa,Others,revolutionize next-generation experiences,Suspendisse potenti. In eleifend quam a odio. In hac habitasse platea dictumst. Maecenas ut massa quis augue luctus tincidunt. Nulla mollis molestie lorem. Quisque ut erat. Curabitur gravida nisi at nibh.,nisi nam ultrices.xls,2016-07-24 12:26:04,2018-05-14 01:50:36
172,Abel Waeland,awaeland4r@histats.com,449-982-5876,"Hickle, Greenfelder and Hudson",Uniform,Residential Projects,engineer world-class schemas,"Fusce lacus purus, aliquet at, feugiat non, pretium quis, lectus. Suspendisse potenti. In eleifend quam a odio.",mattis pulvinar.xls,2016-07-01 05:57:06,2017-11-28 05:49:52
173,Sandi Duer,sduer4s@chron.com,367-369-0544,Rippin-Romaguera,Charlie Mike,Corporate Projects,maximize granular metrics,"Cum sociis natoque penatibus et magnis dis parturient montes, nascetur ridiculus mus. Etiam vel augue. Vestibulum rutrum rutrum neque.",sed.pdf,2016-11-02 23:01:19,2017-06-30 10:19:15
174,Earvin Goneau,egoneau4t@csmonitor.com,355-741-1240,Von Inc,Uniform,Others,visualize sticky metrics,"Morbi non lectus. Aliquam sit amet diam in magna bibendum imperdiet. Nullam orci pede, venenatis non, sodales sed, tincidunt eu, felis. Fusce posuere felis sed lacus. Morbi sem mauris, laoreet ut, rhoncus aliquet, pulvinar sed, nisl. Nunc rhoncus dui vel sem. Sed sagittis.",donec diam.xls,2017-02-22 03:22:22,2019-01-24 06:25:15
175,Lavina Davidge,ldavidge4u@youtu.be,459-438-3288,Boehm Group,Victor Tango,Residential Projects,target end-to-end models,Aliquam erat volutpat. In congue. Etiam justo.,non mauris morbi.ppt,2016-06-08 00:12:48,2018-04-18 20:26:33
176,Bob Chucks,bchucks4v@youtu.be,915-544-7922,Grimes-Jacobson,Golf,Corporate Projects,incubate granular interfaces,"Proin eu mi. Nulla ac enim. In tempor, turpis nec euismod scelerisque, quam turpis adipiscing lorem, vitae mattis nibh ligula nec sem. Duis aliquam convallis nunc.",nisi eu.ppt,2016-06-07 01:26:28,2018-06-10 14:25:34
177,Enrika Tayler,etayler4w@1688.com,877-654-6557,Stanton-Johns,X-ray Whiskey,Others,deliver visionary models,"Pellentesque viverra pede ac diam. Cras pellentesque volutpat dui. Maecenas tristique, est et tempus semper, est quam pharetra magna, ac consequat metus sapien ut nunc. Vestibulum ante ipsum primis in faucibus orci luctus et ultrices posuere cubilia Curae; Mauris viverra diam vitae quam. Suspendisse potenti. Nullam porttitor lacus at turpis. Donec posuere metus vitae ipsum.",vestibulum rutrum.xls,2016-12-14 08:27:07,2017-09-04 20:23:26
178,Aylmar Grice,agrice4x@youtube.com,735-414-4027,Lakin and Sons,Zulu November,Residential Projects,facilitate compelling models,"Integer non velit. Donec diam neque, vestibulum eget, vulputate ut, ultrices vel, augue. Vestibulum ante ipsum primis in faucibus orci luctus et ultrices posuere cubilia Curae; Donec pharetra, magna vestibulum aliquet ultrices, erat tortor sollicitudin mi, sit amet lobortis sapien sapien non mi. Integer ac neque. Duis bibendum. Morbi non quam nec dui luctus rutrum. Nulla tellus.",condimentum.ppt,2016-09-04 04:48:18,2017-06-20 10:17:45
179,Heindrick Jorio,hjorio4y@de.vu,336-226-6514,Hansen-Jenkins,Mike Yankee,Corporate Projects,embrace 24/365 synergies,"Integer pede justo, lacinia eget, tincidunt eget, tempus vel, pede. Morbi porttitor lorem id ligula. Suspendisse ornare consequat lectus. In est risus, auctor sed, tristique in, tempus sit amet, sem. Fusce consequat. Nulla nisl. Nunc nisl.",lectus.xls,2016-09-20 10:59:55,2018-02-26 23:25:20
180,Mischa Clifft,mclifft4z@nationalgeographic.com,621-456-6149,Lehner-Hermiston,Tango,Others,evolve distributed interfaces,"Proin at turpis a pede posuere nonummy. Integer non velit. Donec diam neque, vestibulum eget, vulputate ut, ultrices vel, augue. Vestibulum ante ipsum primis in faucibus orci luctus et ultrices posuere cubilia Curae; Donec pharetra, magna vestibulum aliquet ultrices, erat tortor sollicitudin mi, sit amet lobortis sapien sapien non mi. Integer ac neque. Duis bibendum.",ipsum.pdf,2017-06-10 04:45:59,2019-01-14 10:14:39
181,Chere Weller,cweller50@ft.com,867-560-6364,Kassulke and Sons,Yankee,Residential Projects,disintermediate magnetic niches,"Integer ac neque. Duis bibendum. Morbi non quam nec dui luctus rutrum. Nulla tellus. In sagittis dui vel nisl. Duis ac nibh. Fusce lacus purus, aliquet at, feugiat non, pretium quis, lectus.",risus auctor.pdf,2016-04-14 16:31:44,2018-04-21 13:25:09
182,Brendis Stallebrass,bstallebrass51@jalbum.net,904-817-5150,Wyman and Sons,Yankee,Corporate Projects,optimize clicks-and-mortar e-markets,"Vivamus vestibulum sagittis sapien. Cum sociis natoque penatibus et magnis dis parturient montes, nascetur ridiculus mus. Etiam vel augue. Vestibulum rutrum rutrum neque. Aenean auctor gravida sem. Praesent id massa id nisl venenatis lacinia.",dui maecenas tristique.xls,2016-12-21 00:06:37,2018-06-14 05:52:41
183,Kandace Eveleigh,keveleigh52@mapy.cz,632-681-0640,Bosco LLC,X-ray Oscar,Others,seize extensible infomediaries,"Morbi sem mauris, laoreet ut, rhoncus aliquet, pulvinar sed, nisl. Nunc rhoncus dui vel sem. Sed sagittis. Nam congue, risus semper porta volutpat, quam pede lobortis ligula, sit amet eleifend pede libero quis orci.",leo maecenas.ppt,2017-01-19 04:39:11,2017-11-08 20:59:56
184,Harrietta Boggis,hboggis53@icq.com,692-865-0545,"Wisozk, Conroy and Huel",Juliett,Residential Projects,leverage synergistic technologies,Morbi a ipsum. Integer a nibh. In quis justo. Maecenas rhoncus aliquam lacus. Morbi quis tortor id nulla ultrices aliquet.,consequat ut nulla.xls,2016-06-24 12:41:23,2018-07-23 08:52:30
185,Allison Dayly,adayly54@smugmug.com,874-957-3259,Bauch-Wiegand,Golf,Corporate Projects,brand open-source e-services,"Vivamus in felis eu sapien cursus vestibulum. Proin eu mi. Nulla ac enim. In tempor, turpis nec euismod scelerisque, quam turpis adipiscing lorem, vitae mattis nibh ligula nec sem.",dapibus.xls,2016-08-31 07:06:09,2018-01-31 03:14:17
186,Randi Baggelley,rbaggelley55@china.com.cn,600-261-8941,Harber and Sons,India Victor,Others,leverage granular web-readiness,Aliquam quis turpis eget elit sodales scelerisque. Mauris sit amet eros. Suspendisse accumsan tortor quis turpis.,lorem ipsum.ppt,2016-11-07 18:54:15,2018-11-28 13:28:19
187,Siobhan Canton,scanton56@cafepress.com,513-292-2861,Lesch-Kilback,India,Residential Projects,iterate out-of-the-box platforms,Vestibulum ante ipsum primis in faucibus orci luctus et ultrices posuere cubilia Curae; Mauris viverra diam vitae quam. Suspendisse potenti. Nullam porttitor lacus at turpis. Donec posuere metus vitae ipsum.,hac habitasse platea.ppt,2017-05-19 18:05:05,2017-07-27 20:36:02
188,Idaline Greensted,igreensted57@vimeo.com,227-163-6427,"Halvorson, Connelly and Batz",Yankee Mike,Corporate Projects,enable scalable infrastructures,"Quisque porta volutpat erat. Quisque erat eros, viverra eget, congue eget, semper rutrum, nulla. Nunc purus.",proin leo.pdf,2016-12-10 17:31:27,2017-07-21 14:56:03
189,Marcie O Hartigan,mohartigan58@bloglines.com,299-868-4434,Block-Lind,Foxtrot Mike,Others,streamline compelling vortals,Nulla ut erat id mauris vulputate elementum. Nullam varius. Nulla facilisi. Cras non velit nec nisi vulputate nonummy.,eget nunc donec.ppt,2016-11-06 12:14:28,2017-08-26 23:48:42
190,Derick Ivanov,divanov59@flavors.me,199-313-7424,Grimes Group,Delta Romeo,Residential Projects,morph best-of-breed e-commerce,"Nulla tempus. Vivamus in felis eu sapien cursus vestibulum. Proin eu mi. Nulla ac enim. In tempor, turpis nec euismod scelerisque, quam turpis adipiscing lorem, vitae mattis nibh ligula nec sem. Duis aliquam convallis nunc.",erat tortor sollicitudin.xls,2016-12-22 17:35:57,2017-11-10 05:43:49
191,May January 1st,mjanuary5a@reuters.com,972-199-4382,"Bartoletti, Durgan and Smitham",Bravo,Corporate Projects,morph world-class bandwidth,"In hac habitasse platea dictumst. Morbi vestibulum, velit id pretium iaculis, diam erat fermentum justo, nec condimentum neque sapien placerat ante. Nulla justo. Aliquam quis turpis eget elit sodales scelerisque.",turpis sed ante.ppt,2016-03-17 10:37:03,2018-03-07 10:50:03
192,Langston Armor,larmor5b@nytimes.com,611-418-2018,Kunde-Feeney,India,Others,aggregate transparent interfaces,"Cras mi pede, malesuada in, imperdiet et, commodo vulputate, justo. In blandit ultrices enim. Lorem ipsum dolor sit amet, consectetuer adipiscing elit. Proin interdum mauris non ligula pellentesque ultrices. Phasellus id sapien in sapien iaculis congue.",volutpat in congue.doc,2017-02-26 18:50:38,2018-06-25 21:34:11
193,Deni Sproat,dsproat5c@posterous.com,773-347-9197,"Weissnat, Schiller and Mertz",Delta Uniform,Residential Projects,scale efficient ROI,"Donec dapibus. Duis at velit eu est congue elementum. In hac habitasse platea dictumst. Morbi vestibulum, velit id pretium iaculis, diam erat fermentum justo, nec condimentum neque sapien placerat ante. Nulla justo.",elit.ppt,2017-03-01 13:55:44,2017-11-23 05:11:13
194,Rafi Lepoidevin,rlepoidevin5d@symantec.com,321-430-2211,"Blanda, Waelchi and Graham",Delta Charlie,Corporate Projects,extend collaborative vortals,"Integer aliquet, massa id lobortis convallis, tortor risus dapibus augue, vel accumsan tellus nisi eu orci. Mauris lacinia sapien quis libero. Nullam sit amet turpis elementum ligula vehicula consequat. Morbi a ipsum. Integer a nibh.",quis.pdf,2017-04-16 09:30:52,2019-02-14 00:26:01
195,Michelle Botley,mbotley5e@indiatimes.com,890-490-4240,"Hudson, Greenholt and Johns",Oscar Victor,Others,e-enable scalable e-tailers,"Integer non velit. Donec diam neque, vestibulum eget, vulputate ut, ultrices vel, augue. Vestibulum ante ipsum primis in faucibus orci luctus et ultrices posuere cubilia Curae; Donec pharetra, magna vestibulum aliquet ultrices, erat tortor sollicitudin mi, sit amet lobortis sapien sapien non mi. Integer ac neque. Duis bibendum. Morbi non quam nec dui luctus rutrum. Nulla tellus.",viverra.ppt,2017-04-29 18:33:13,2018-05-05 09:18:24
196,Darrin Hoodspeth,dhoodspeth5f@hugedomains.com,371-734-6594,Wiza-Hamill,X-ray,Residential Projects,embrace back-end networks,Aenean lectus. Pellentesque eget nunc. Donec quis orci eget orci vehicula condimentum.,aliquam lacus morbi.xls,2016-11-21 18:51:38,2017-09-23 05:57:49
197,Doris Jude,djude5g@nps.gov,912-978-9074,"Hauck, Hickle and Romaguera",Oscar,Corporate Projects,streamline virtual e-business,"Proin at turpis a pede posuere nonummy. Integer non velit. Donec diam neque, vestibulum eget, vulputate ut, ultrices vel, augue. Vestibulum ante ipsum primis in faucibus orci luctus et ultrices posuere cubilia Curae; Donec pharetra, magna vestibulum aliquet ultrices, erat tortor sollicitudin mi, sit amet lobortis sapien sapien non mi. Integer ac neque. Duis bibendum.",in.xls,2016-11-09 03:06:01,2018-04-20 19:32:28
198,Robinson Motto,rmotto5h@blogspot.com,853-365-2666,Reynolds-Schaefer,Mike Oscar,Others,drive seamless methodologies,"Nam ultrices, libero non mattis pulvinar, nulla pede ullamcorper augue, a suscipit nulla elit ac nulla. Sed vel enim sit amet nunc viverra dapibus. Nulla suscipit ligula in lacus. Curabitur at ipsum ac tellus semper interdum. Mauris ullamcorper purus sit amet nulla. Quisque arcu libero, rutrum ac, lobortis vel, dapibus at, diam. Nam tristique tortor eu pede.",proin at.ppt,2016-07-04 05:49:08,2018-04-16 08:58:08
199,Abigail Braidon,abraidon5i@tumblr.com,519-228-4789,Harber-Keebler,Yankee,Residential Projects,implement vertical content,"Vivamus in felis eu sapien cursus vestibulum. Proin eu mi. Nulla ac enim. In tempor, turpis nec euismod scelerisque, quam turpis adipiscing lorem, vitae mattis nibh ligula nec sem. Duis aliquam convallis nunc. Proin at turpis a pede posuere nonummy. Integer non velit.",donec.ppt,2016-12-10 19:00:23,2018-11-13 09:47:31
200,Simonette Heeks,sheeks5j@creativecommons.org,341-398-0768,Carroll-Treutel,Papa,Corporate Projects,architect impactful platforms,In congue. Etiam justo. Etiam pretium iaculis justo. In hac habitasse platea dictumst. Etiam faucibus cursus urna.,ullamcorper augue a.ppt,2017-01-09 08:31:59,2018-10-31 17:04:35
